mysql> select * from uclog right join ucinfo on uclog.id=ucinfo.id;
+------+------+--------------+----+---------+
| id   | ucid | ip           | id | number  |
+------+------+--------------+----+---------+
|    1 |    1 | 192.168.12.1 |  1 | 1234567 |
|    2 |    2 | 192.168.12.2 |  2 | 6666666 |
|    3 |    2 | 192.168.12.2 |  3 | 1234569 |
+------+------+--------------+----+---------+
3 rows in set (0.00 sec)

mysql> select * from ucinfo left join uclog on uclog.id=ucinfo.id;
+----+---------+------+------+--------------+
| id | number  | id   | ucid | ip           |
+----+---------+------+------+--------------+
|  1 | 1234567 |    1 |    1 | 192.168.12.1 |
|  2 | 6666666 |    2 |    2 | 192.168.12.2 |
|  3 | 1234569 |    3 |    2 | 192.168.12.2 |
+----+---------+------+------+--------------+
3 rows in set (0.00 sec)



